http://www.ineos.com, INEOS
http://www.greenergy.com, Greenergy
http://www.johnlewispartnership.co.uk, John Lewis Partnership
http://www.swire.com, Swire
http://www.palmerharvey.co.uk, Palmer and Harvey
http://www.arnoldclark.com, Arnold Clark Automobiles
http://www.2sfg.com, 2 Sisters Food Group
http://www.bestwaygroup.co.uk, Bestway Group
http://www.laingorourke.com, Laing O'Rourke
http://www.virgin-atlantic.com, Virgin Atlantic
http://www.heathrow.com, Heathrow
http://www.iceland.co.uk, Iceland
http://www.emrltd.com, European Metal Recycling
http://www.jcb.com, JCB
http://www.arcadiagroup.co.uk, Arcadia
http://www.pentland.com, Pentland Group
http://www.tiautomotive.com, TI Automotive
http://www.specsavers.co.uk, Specsavers
http://www.thameswater.co.uk, Thames Water
http://www.stemcor.com, Stemcor
http://www.shopdirect.com, Shop Direct
http://mrhgb.co.uk/, MRH (GB)
http://www.macegroup.com, Mace
http://www.dyson.com, Dyson
http://www.bakkavor.com, Bakkavor
http://www.bet365.com, bet365
http://www.rigbygroupplc.com, The Rigby Group
http://www.westcoast.co.uk, Westcoast
http://www.marshallgroup.co.uk, Marshall Group
http://www.clarks.co.uk, Clarks
http://www.radiuspaymentsolutions.com, Radius Payment Solutions
http://www.newlookgroup.com/, New Look
http://www.tjmorris.co.uk, TJ Morris
http://www.wilkinsonplus.com, Wilko
http://www.bibbylinegroup.co.uk, Bibby Line Group
http://www.hah.co.uk, Healthcare at Home
http://www.mottmac.com, Mott MacDonald
http://www.willmottdixongroup.co.uk, Willmott Dixon
http://www.afblakemore.com, AF Blakemore & Son
http://www.awg.com, Anglian Water Group
http://www.wates.co.uk, Wates
http://www.lycamobile.com/, Lycamobile
http://www.jct600.co.uk, JCT600
http://www.keepmoat.com, Keepmoat
http://www.arup.com, Arup
http://www.keldagroup.com, Kelda Group
http://www.kcadeutag.com, KCA DEUTAG Group
http://www.listersgroup.co.uk, Listers
http://www.matalan.co.uk, Matalan
http://www.riverisland.co.uk, River Island
http://www.virgintrains.co.uk, Virgin Rail Group
http://www.rontec.com, Rontec
http://www.bloorhomes.com, Bloor Investments
http://www.bourneleisuresales.co.uk, Bourne Leisure
http://www.res-group.com, RES
http://www.williamgrant.com, William Grant & Sons
http://www.reedglobal.com, Reed Specialist Recruitment
http://www.biffa.co.uk, Biffa
http://www.ocsinternational.com, OCS Group
http://www.gghl.co.uk, Greenhous Group
http://www.samworthbrothers.co.uk, Samworth Brothers
http://www.arqiva.com, Arqiva
http://www.bandk.co.uk, Bowmer & Kirkland
http://www.first-utility.com, First Utility
http://www.lamexfoods.eu, Lamex Food Group
http://www.fircroft.com, Fircroft
http://www.southernwater.co.uk, Southern Water
http://www.flymonarch.com, Monarch Holdings
http://www.dunbia.com, Dunbia
http://www.harrods.com, Harrods Group
http://www.formula1.com, Formula One
http://www.eurogarages.com, Euro Garages
http://www.wrbarnett.com, W&R Barnett
http://www.sir-robert-mcalpine.com, Sir Robert McAlpine
http://www.alexandermannsolutions.com, Alexander Mann Solutions
http://www.farmfoods.co.uk, Farmfoods
http://www.morson.com, Morson
http://www.moto-way.com, Moto
http://www.odeonanducicinemasgroup.com, Odeon & UCI Cinemas Group
http://www.unipart.co.uk, Unipart Group
http://www.rr-icecream.eu, R&R Ice Cream
http://corporate.myvue.com, Vue International
http://www.camelotgroup.co.uk, Camelot UK Lotteries
http://www.careuk.com, Care UK
http://www.pret.com, Pret A Manger
http://www.gatwickairport.com, Gatwick
http://www.dhamecha.com, Dhamecha Foods
http://www.domgen.com, Domestic & General
http://www.john-clark.co.uk, The John Clark Motor Group
http://www.therange.co.uk, The Range
http://www.henderson-group.com, Henderson Group
http://www.telerealtrillium.com, Telereal Trillium
http://www.wshlimited.com, WSH
http://www.trailfinders.com, Trailfinders
http://www.cordantgroup.com, Cordant Group
http://www.welcomebreak.co.uk, Welcome Break
http://www.nes.co.uk, NES Global Talent
http://www.murphygroup.co.uk, Murphy Group
http://www.doncasters.com, Doncasters Group
http://www.langleyholdings.com, Langley Holdings
